"Dates","ARCELOR.MITTAL"
"2000-01-03",34.155
"2000-01-04",33.9343
"2000-01-05",33.87915
"2000-01-06",34.04465
"2000-01-07",36.58285
"2000-01-10",39.1762
"2000-01-11",38.4037
"2000-01-12",36.74835
"2000-01-13",37.35535
"2000-01-14",37.4657
"2000-01-17",38.3485
"2000-01-18",37.8519
"2000-01-19",36.9691
"2000-01-20",36.7484
"2000-01-21",36.1966
"2000-01-24",36.1414
"2000-01-25",34.9827
"2000-01-26",34.9827
"2000-01-27",34.9827
"2000-01-28",32.05825
"2000-01-31",31.341
"2000-02-01",33.32735
"2000-02-02",34.59645
"2000-02-03",36.9139
"2000-02-04",36.4173
"2000-02-07",34.09985
"2000-02-08",34.32055
"2000-02-09",31.9479
"2000-02-10",31.5065
"2000-02-11",29.90635
"2000-02-14",28.6924
"2000-02-15",28.41655
"2000-02-16",29.2442
"2000-02-17",31.3961
"2000-02-18",31.0651
"2000-02-21",31.0099
"2000-02-22",30.8995
"2000-02-23",30.84435
"2000-02-24",30.18225
"2000-02-25",31.45135
"2000-02-28",30.23745
"2000-02-29",29.2994
"2000-03-01",28.9683
"2000-03-02",30.7892
"2000-03-03",31.9479
"2000-03-06",31.2306
"2000-03-07",30.45815
"2000-03-08",29.5201
"2000-03-09",29.96155
"2000-03-10",30.34775
"2000-03-13",31.1754
"2000-03-14",30.5133
"2000-03-15",31.672
"2000-03-16",33.27215
"2000-03-17",33.7688
"2000-03-20",35.2034
"2000-03-21",35.64485
"2000-03-22",35.9759
"2000-03-23",35.9207
"2000-03-24",35.31375
"2000-03-27",35.2586
"2000-03-28",34.4309
"2000-03-29",32.55485
"2000-03-30",31.34095
"2000-03-31",32.2238
"2000-04-03",31.12025
"2000-04-04",31.2306
"2000-04-05",31.2858
"2000-04-06",31.1203
"2000-04-07",31.1203
"2000-04-10",31.06505
"2000-04-11",30.4581
"2000-04-12",29.63045
"2000-04-13",29.79595
"2000-04-14",29.63045
"2000-04-17",27.14745
"2000-04-18",28.4717
"2000-04-19",28.251
"2000-04-20",28.251
"2000-04-21",28.251
"2000-04-24",28.251
"2000-04-25",27.6992
"2000-04-26",27.91995
"2000-04-27",27.97515
"2000-04-28",27.313
"2000-05-01",26.8164
"2000-05-02",27.2578
"2000-05-03",27.64405
"2000-05-04",28.0303
"2000-05-05",27.25785
"2000-05-08",26.4853
"2000-05-09",25.9335
"2000-05-10",26.5405
"2000-05-11",25.93355
"2000-05-12",26.4853
"2000-05-15",26.7612
"2000-05-16",25.8784
"2000-05-17",24.9955
"2000-05-18",24.7748
"2000-05-19",24.7748
"2000-05-22",24.60925
"2000-05-23",24.4989
"2000-05-24",23.50575
"2000-05-25",24.94035
"2000-05-26",23.22985
"2000-05-29",22.5125
"2000-05-30",21.7952
"2000-05-31",21.2986
"2000-06-01",21.2986
"2000-06-02",21.40895
"2000-06-05",21.2986
"2000-06-06",21.5193
"2000-06-07",21.2986
"2000-06-08",20.8572
"2000-06-09",20.6365
"2000-06-12",20.6365
"2000-06-13",20.8572
"2000-06-14",21.96075
"2000-06-15",22.23665
"2000-06-16",22.95395
"2000-06-19",22.62285
"2000-06-20",22.40215
"2000-06-21",22.347
"2000-06-22",21.68485
"2000-06-23",21.3538
"2000-06-26",20.74685
"2000-06-27",20.69165
"2000-06-28",20.96755
"2000-06-29",20.52615
"2000-06-30",21.13305
"2000-07-03",21.409
"2000-07-04",21.409
"2000-07-05",21.6297
"2000-07-06",21.6297
"2000-07-07",21.35375
"2000-07-10",20.41575
"2000-07-11",19.1467
"2000-07-12",18.6501
"2000-07-13",19.20185
"2000-07-14",18.98115
"2000-07-17",18.7053
"2000-07-18",18.42935
"2000-07-19",18.1535
"2000-07-20",18.3742
"2000-07-21",18.04315
"2000-07-24",17.76725
"2000-07-25",17.3258
"2000-07-26",17.8224
"2000-07-27",16.1671
"2000-07-28",16.44295
"2000-07-31",15.6153
"2000-08-01",15.836
"2000-08-02",15.83605
"2000-08-03",15.89115
"2000-08-04",15.8912
"2000-08-07",16.44295
"2000-08-08",16.5533
"2000-08-09",16.49815
"2000-08-10",16.3326
"2000-08-11",16.0567
"2000-08-14",16.3326
"2000-08-15",16.16705
"2000-08-16",16.0015
"2000-08-17",15.94635
"2000-08-18",15.6705
"2000-08-21",16.0015
"2000-08-22",16.22225
"2000-08-23",16.3878
"2000-08-24",16.4981
"2000-08-25",16.1119
"2000-08-28",16.1119
"2000-08-29",16.22225
"2000-08-30",16.44295
"2000-08-31",16.71885
"2000-09-01",16.93955
"2000-09-04",16.5533
"2000-09-05",17.3258
"2000-09-06",16.71885
"2000-09-07",17.16025
"2000-09-08",16.66365
"2000-09-11",16.44295
"2000-09-12",16.3326
"2000-09-13",16.3326
"2000-09-14",16.1119
"2000-09-15",16.0567
"2000-09-18",15.94635
"2000-09-19",15.72565
"2000-09-20",14.9532
"2000-09-21",14.01515
"2000-09-22",13.40815
"2000-09-25",12.4702
"2000-09-26",11.8632
"2000-09-27",12.6357
"2000-09-28",12.47015
"2000-09-29",12.74605
"2000-10-02",13.1323
"2000-10-03",13.02195
"2000-10-04",13.29785
"2000-10-05",13.24265
"2000-10-06",13.29785
"2000-10-09",12.96675
"2000-10-10",12.5805
"2000-10-11",12.02875
"2000-10-12",11.9736
"2000-10-13",11.80805
"2000-10-16",12.24945
"2000-10-17",11.75285
"2000-10-18",11.9736
"2000-10-19",10.87
"2000-10-20",10.8259
"2000-10-23",10.14165
"2000-10-24",9.73335
"2000-10-25",9.5568
"2000-10-26",9.5568
"2000-10-27",9.25885
"2000-10-30",9.50165
"2000-10-31",9.2368
"2000-11-01",10.4286
"2000-11-02",10.2631
"2000-11-03",10.31825
"2000-11-06",10.5941
"2000-11-07",10.3072
"2000-11-08",10.3293
"2000-11-09",10.3734
"2000-11-10",10.37345
"2000-11-13",9.82165
"2000-11-14",9.86575
"2000-11-15",10.1086
"2000-11-16",10.31825
"2000-11-17",9.95405
"2000-11-20",10.2079
"2000-11-21",9.82165
"2000-11-22",9.29195
"2000-11-23",9.3802
"2000-11-24",9.4354
"2000-11-27",9.54575
"2000-11-28",9.13745
"2000-11-29",9.10435
"2000-11-30",8.9388
"2000-12-01",8.89465
"2000-12-04",9.1043
"2000-12-05",9.22575
"2000-12-06",9.07125
"2000-12-07",8.60775
"2000-12-08",8.51945
"2000-12-11",8.80635
"2000-12-12",8.7953
"2000-12-13",8.71805
"2000-12-14",8.49735
"2000-12-15",8.3429
"2000-12-18",8.00075
"2000-12-19",7.33865
"2000-12-20",6.3896
"2000-12-21",6.0475
"2000-12-22",6.12475
"2000-12-25",6.12475
"2000-12-26",6.12475
"2000-12-27",5.88195
"2000-12-28",5.94815
"2000-12-29",6.0144
"2001-01-01",6.0144
"2001-01-02",5.9592
"2001-01-03",6.202
"2001-01-04",6.88615
"2001-01-05",7.0076
"2001-01-08",7.0076
"2001-01-09",7.3276
"2001-01-10",7.8904
"2001-01-11",8.0449
"2001-01-12",8.27665
"2001-01-15",8.26565
"2001-01-16",8.60775
"2001-01-17",9.1043
"2001-01-18",9.32505
"2001-01-19",9.14845
"2001-01-22",8.9498
"2001-01-23",7.9566
"2001-01-24",7.80215
"2001-01-25",8.0118
"2001-01-26",8.067
"2001-01-29",8.55255
"2001-01-30",8.05595
"2001-01-31",7.86835
"2001-02-01",8.32085
"2001-02-02",8.91675
"2001-02-05",9.54575
"2001-02-06",9.66715
"2001-02-07",9.29195
"2001-02-08",8.45325
"2001-02-09",8.4532
"2001-02-12",8.3208
"2001-02-13",8.4643
"2001-02-14",8.4643
"2001-02-15",8.42015
"2001-02-16",8.17735
"2001-02-19",8.17735
"2001-02-20",8.3429
"2001-02-21",8.067
"2001-02-22",7.74695
"2001-02-23",7.61455
"2001-02-26",7.7249
"2001-02-27",7.89045
"2001-02-28",8.0008
"2001-03-01",8.11115
"2001-03-02",7.9456
"2001-03-05",7.89045
"2001-03-06",8.16635
"2001-03-07",8.00075
"2001-03-08",7.9456
"2001-03-09",7.89045
"2001-03-12",7.65865
"2001-03-13",7.33865
"2001-03-14",7.2945
"2001-03-15",6.8531
"2001-03-16",6.9524
"2001-03-19",6.86415
"2001-03-20",7.449
"2001-03-21",6.8972
"2001-03-22",6.51095
"2001-03-23",6.78685
"2001-03-26",7.04065
"2001-03-27",6.9524
"2001-03-28",7.0076
"2001-03-29",6.96345
"2001-03-30",7.0186
"2001-04-02",7.2504
"2001-04-03",6.6324
"2001-04-04",6.62135
"2001-04-05",6.7869
"2001-04-06",6.8862
"2001-04-09",6.82
"2001-04-10",6.84205
"2001-04-11",6.93035
"2001-04-12",6.9524
"2001-04-13",6.9524
"2001-04-16",6.9524
"2001-04-17",7.00755
"2001-04-18",7.12895
"2001-04-19",7.21725
"2001-04-20",6.9193
"2001-04-23",6.9524
"2001-04-24",7.0517
"2001-04-25",6.94135
"2001-04-26",7.151
"2001-04-27",7.0517
"2001-04-30",7.0517
"2001-05-01",7.1621
"2001-05-02",7.2835
"2001-05-03",7.2283
"2001-05-04",7.2283
"2001-05-07",7.3276
"2001-05-08",7.0738
"2001-05-09",7.0848
"2001-05-10",7.17315
"2001-05-11",7.21725
"2001-05-14",7.21725
"2001-05-15",7.3717
"2001-05-16",7.22825
"2001-05-17",7.60345
"2001-05-18",7.55935
"2001-05-21",8.2656
"2001-05-22",8.82845
"2001-05-23",9.32505
"2001-05-24",9.2588
"2001-05-25",9.2588
"2001-05-28",9.11535
"2001-05-29",9.18155
"2001-05-30",9.04915
"2001-05-31",8.9498
"2001-06-01",8.9057
"2001-06-04",8.9057
"2001-06-05",8.8836
"2001-06-06",9.0823
"2001-06-07",8.77325
"2001-06-08",8.7512
"2001-06-11",8.7733
"2001-06-12",8.696
"2001-06-13",8.49735
"2001-06-14",8.8284
"2001-06-15",8.4753
"2001-06-18",8.6629
"2001-06-19",8.71805
"2001-06-20",8.48635
"2001-06-21",8.376
"2001-06-22",8.49735
"2001-06-25",8.21045
"2001-06-26",8.5305
"2001-06-27",8.376
"2001-06-28",8.18835
"2001-06-29",8.39805
"2001-07-02",8.4422
"2001-07-03",8.17735
"2001-07-04",8.17735
"2001-07-05",8.33185
"2001-07-06",8.2215
"2001-07-09",8.2767
"2001-07-10",8.11115
"2001-07-11",7.96765
"2001-07-12",7.9787
"2001-07-13",8.2546
"2001-07-16",8.2215
"2001-07-17",7.9456
"2001-07-18",7.89045
"2001-07-19",7.9456
"2001-07-20",7.9456
"2001-07-23",8.1332
"2001-07-24",7.93455
"2001-07-25",7.86835
"2001-07-26",8.0118
"2001-07-27",7.9235
"2001-07-30",7.7249
"2001-07-31",7.7249
"2001-08-01",8.2215
"2001-08-02",7.9456
"2001-08-03",8.0008
"2001-08-06",7.39385
"2001-08-07",7.40485
"2001-08-08",7.5152
"2001-08-09",7.34965
"2001-08-10",7.28345
"2001-08-13",7.04065
"2001-08-14",6.842
"2001-08-15",6.73165
"2001-08-16",6.40065
"2001-08-17",6.12475
"2001-08-20",5.9592
"2001-08-21",5.1315
"2001-08-22",5.4626
"2001-08-23",5.2419
"2001-08-24",5.23085
"2001-08-27",5.286
"2001-08-28",5.2971
"2001-08-29",5.18675
"2001-08-30",5.0212
"2001-08-31",5.0212
"2001-09-03",5.35225
"2001-09-04",5.26395
"2001-09-05",4.966
"2001-09-06",4.6901
"2001-09-07",4.6349
"2001-09-10",4.64595
"2001-09-11",4.4142
"2001-09-12",3.86245
"2001-09-13",3.96175
"2001-09-14",3.96175
"2001-09-17",3.80725
"2001-09-18",3.75205
"2001-09-19",3.9728
"2001-09-20",3.92865
"2001-09-21",3.6969
"2001-09-24",3.71895
"2001-09-25",3.68585
"2001-09-26",3.6638
"2001-09-27",3.42105
"2001-09-28",3.3217
"2001-10-01",3.7631
"2001-10-02",3.64175
"2001-10-03",3.53135
"2001-10-04",3.64175
"2001-10-05",3.56445
"2001-10-08",3.56445
"2001-10-09",3.7521
"2001-10-10",3.73
"2001-10-11",3.53135
"2001-10-12",3.6307
"2001-10-15",3.4762
"2001-10-16",3.4762
"2001-10-17",3.42105
"2001-10-18",3.41
"2001-10-19",3.08995
"2001-10-22",2.94645
"2001-10-23",3.14515
"2001-10-24",3.14515
"2001-10-25",2.83615
"2001-10-26",2.7589
"2001-10-29",2.8692
"2001-10-30",2.59335
"2001-10-31",2.2071
"2001-11-01",2.0857
"2001-11-02",2.2402
"2001-11-05",2.21815
"2001-11-06",2.25125
"2001-11-07",2.15195
"2001-11-08",2.22915
"2001-11-09",2.35055
"2001-11-12",2.803
"2001-11-13",2.52715
"2001-11-14",2.5492
"2001-11-15",2.78095
"2001-11-16",2.83615
"2001-11-19",3.35485
"2001-11-20",3.77415
"2001-11-21",3.89555
"2001-11-22",4.08315
"2001-11-23",3.9066
"2001-11-26",3.9728
"2001-11-27",3.9066
"2001-11-28",3.64175
"2001-11-29",3.58655
"2001-11-30",3.39895
"2001-12-03",3.1672
"2001-12-04",3.64175
"2001-12-05",3.91765
"2001-12-06",4.1163
"2001-12-07",4.0611
"2001-12-10",4.0611
"2001-12-11",4.2597
"2001-12-12",4.039
"2001-12-13",4.1604
"2001-12-14",4.1273
"2001-12-17",4.0942
"2001-12-18",4.10525
"2001-12-19",4.10525
"2001-12-20",4.11625
"2001-12-21",4.2156
"2001-12-24",3.9728
"2001-12-25",3.9728
"2001-12-26",3.9728
"2001-12-27",4.0611
"2001-12-28",4.2487
"2001-12-31",4.2487
"2002-01-01",4.2487
"2002-01-02",4.13835
"2002-01-03",4.2818
"2002-01-04",4.32595
"2002-01-07",4.6239
"2002-01-08",4.75635
"2002-01-09",4.8336
"2002-01-10",4.75635
"2002-01-11",4.7784
"2002-01-14",4.61285
"2002-01-15",4.54665
"2002-01-16",4.5135
"2002-01-17",4.41425
"2002-01-18",4.3259
"2002-01-21",4.6349
"2002-01-22",4.5025
"2002-01-23",4.35905
"2002-01-24",4.4694
"2002-01-25",4.4694
"2002-01-28",4.2487
"2002-01-29",4.25975
"2002-01-30",4.17145
"2002-01-31",4.27075
"2002-02-01",4.3259
"2002-02-04",4.1494
"2002-02-05",4.1163
"2002-02-06",4.06105
"2002-02-07",4.2708
"2002-02-08",4.2156
"2002-02-11",4.028
"2002-02-12",3.9176
"2002-02-13",3.86245
"2002-02-14",3.78515
"2002-02-15",3.80725
"2002-02-18",3.80725
"2002-02-19",3.7521
"2002-02-20",3.6969
"2002-02-21",3.6417
"2002-02-22",3.4872
"2002-02-25",3.421
"2002-02-26",3.421
"2002-02-27",3.58655
"2002-02-28",3.6969
"2002-03-01",3.71895
"2002-03-04",3.80725
"2002-03-05",3.7852
"2002-03-06",3.9066
"2002-03-07",3.86245
"2002-03-08",3.8183
"2002-03-11",3.65275
"2002-03-12",3.4872
"2002-03-13",3.6417
"2002-03-14",3.6086
"2002-03-15",3.57555
"2002-03-18",3.86245
"2002-03-19",3.6638
"2002-03-20",3.75205
"2002-03-21",3.58655
"2002-03-22",3.73
"2002-03-25",3.54245
"2002-03-26",3.4762
"2002-03-27",3.8514
"2002-03-28",3.9618
"2002-03-29",3.9618
"2002-04-01",3.9618
"2002-04-02",4.53565
"2002-04-03",4.72325
"2002-04-04",4.8667
"2002-04-05",5.7716
"2002-04-08",5.7606
"2002-04-09",5.99235
"2002-04-10",6.38955
"2002-04-11",6.78685
"2002-04-12",6.8862
"2002-04-15",6.89725
"2002-04-16",6.33445
"2002-04-17",6.4558
"2002-04-18",6.34545
"2002-04-19",6.3013
"2002-04-22",5.89295
"2002-04-23",5.73845
"2002-04-24",5.34125
"2002-04-25",5.1315
"2002-04-26",5.1205
"2002-04-29",5.5178
"2002-04-30",5.99235
"2002-05-01",5.99235
"2002-05-02",6.3565
"2002-05-03",6.202
"2002-05-06",6.202
"2002-05-07",6.202
"2002-05-08",5.87095
"2002-05-09",6.202
"2002-05-10",5.8378
"2002-05-13",5.7385
"2002-05-14",5.8047
"2002-05-15",6.09165
"2002-05-16",6.19095
"2002-05-17",6.16885
"2002-05-20",6.3234
"2002-05-21",6.23505
"2002-05-22",6.12475
"2002-05-23",6.12475
"2002-05-24",6.06955
"2002-05-27",6.12475
"2002-05-28",6.12475
"2002-05-29",5.9592
"2002-05-30",5.7385
"2002-05-31",5.7385
"2002-06-03",6.35645
"2002-06-04",6.4006
"2002-06-05",6.4006
"2002-06-06",6.72065
"2002-06-07",6.2903
"2002-06-10",6.6434
"2002-06-11",6.78685
"2002-06-12",6.7758
"2002-06-13",6.8641
"2002-06-14",6.4889
"2002-06-17",6.65445
"2002-06-18",6.7317
"2002-06-19",6.78685
"2002-06-20",6.57715
"2002-06-21",6.6213
"2002-06-24",6.6213
"2002-06-25",6.73165
"2002-06-26",6.34545
"2002-06-27",6.34545
"2002-06-28",6.7096
"2002-07-01",6.511
"2002-07-02",6.42265
"2002-07-03",6.42265
"2002-07-04",6.42265
"2002-07-05",6.511
"2002-07-08",6.7317
"2002-07-09",6.6765
"2002-07-10",6.6765
"2002-07-11",6.3896
"2002-07-12",6.1799
"2002-07-15",6.22405
"2002-07-16",6.22405
"2002-07-17",6.22405
"2002-07-18",5.7164
"2002-07-19",5.7164
"2002-07-22",5.7385
"2002-07-23",5.21985
"2002-07-24",5.07635
"2002-07-25",5.7937
"2002-07-26",6.38955
"2002-07-29",6.34545
"2002-07-30",6.1247
"2002-07-31",6.23505
"2002-08-01",5.9592
"2002-08-02",5.7385
"2002-08-05",5.9371
"2002-08-06",5.4074
"2002-08-07",5.9923
"2002-08-08",5.9592
"2002-08-09",5.9592
"2002-08-12",5.9592
"2002-08-13",5.9592
"2002-08-14",5.7385
"2002-08-15",5.84885
"2002-08-16",5.84885
"2002-08-19",5.7385
"2002-08-20",5.7385
"2002-08-21",5.7385
"2002-08-22",5.8378
"2002-08-23",5.9592
"2002-08-26",5.9592
"2002-08-27",5.9592
"2002-08-28",5.7495
"2002-08-29",5.7495
"2002-08-30",5.7495
"2002-09-02",5.7716
"2002-09-03",5.7164
"2002-09-04",5.5398
"2002-09-05",5.5619
"2002-09-06",5.5619
"2002-09-09",5.6833
"2002-09-10",5.62815
"2002-09-11",5.62815
"2002-09-12",5.62815
"2002-09-13",5.40745
"2002-09-16",5.40745
"2002-09-17",5.7385
"2002-09-18",5.60605
"2002-09-19",5.5178
"2002-09-20",4.966
"2002-09-23",5.3412
"2002-09-24",5.16465
"2002-09-25",5.16465
"2002-09-26",4.82255
"2002-09-27",4.9108
"2002-09-30",4.95495
"2002-10-01",4.6349
"2002-10-02",4.76735
"2002-10-03",4.9329
"2002-10-04",4.9881
"2002-10-07",5.0764
"2002-10-08",5.5178
"2002-10-09",5.5178
"2002-10-10",5.2971
"2002-10-11",5.2419
"2002-10-14",5.5178
"2002-10-15",5.4074
"2002-10-16",5.4074
"2002-10-17",5.4074
"2002-10-18",5.4074
"2002-10-21",5.07635
"2002-10-22",5.40745
"2002-10-23",5.4626
"2002-10-24",5.59505
"2002-10-25",5.70535
"2002-10-28",5.7385
"2002-10-29",5.79365
"2002-10-30",5.57295
"2002-10-31",5.66125
"2002-11-01",5.88195
"2002-11-04",5.8378
"2002-11-05",5.62815
"2002-11-06",5.6833
"2002-11-07",5.50675
"2002-11-08",5.50675
"2002-11-11",5.50675
"2002-11-12",5.66125
"2002-11-13",5.5178
"2002-11-14",5.5178
"2002-11-15",5.2971
"2002-11-18",5.45155
"2002-11-19",5.45155
"2002-11-20",5.14255
"2002-11-21",5.38535
"2002-11-22",5.2971
"2002-11-25",5.2971
"2002-11-26",5.2419
"2002-11-27",5.50675
"2002-11-28",5.4957
"2002-11-29",5.29705
"2002-12-02",5.35225
"2002-12-03",5.19775
"2002-12-04",4.91085
"2002-12-05",5.28605
"2002-12-06",5.39635
"2002-12-09",5.1867
"2002-12-10",5.1867
"2002-12-11",5.1867
"2002-12-12",5.1867
"2002-12-13",5.16465
"2002-12-16",5.07635
"2002-12-17",4.92185
"2002-12-18",5.1205
"2002-12-19",5.13155
"2002-12-20",5.13155
"2002-12-23",4.7784
"2002-12-24",4.8556
"2002-12-25",4.8556
"2002-12-26",4.8556
"2002-12-27",4.8115
"2002-12-30",4.7122
"2002-12-31",4.66805
"2003-01-01",4.66805
"2003-01-02",4.74525
"2003-01-03",4.78945
"2003-01-06",4.7453
"2003-01-07",4.7453
"2003-01-08",4.6901
"2003-01-09",4.7453
"2003-01-10",4.8005
"2003-01-13",4.8005
"2003-01-14",5.07635
"2003-01-15",5.17565
"2003-01-16",5.5619
"2003-01-17",5.60605
"2003-01-20",5.6281
"2003-01-21",5.6281
"2003-01-22",5.48465
"2003-01-23",5.48465
"2003-01-24",5.48465
"2003-01-27",5.3081
"2003-01-28",5.4405
"2003-01-29",5.1426
"2003-01-30",5.1426
"2003-01-31",5.45155
"2003-02-03",5.26395
"2003-02-04",5.26395
"2003-02-05",5.26395
"2003-02-06",5.7385
"2003-02-07",5.45155
"2003-02-10",5.56195
"2003-02-11",5.35225
"2003-02-12",5.5178
"2003-02-13",5.6281
"2003-02-14",5.6281
"2003-02-17",5.57295
"2003-02-18",5.4626
"2003-02-19",5.4626
"2003-02-20",5.4626
"2003-02-21",5.4626
"2003-02-24",5.4626
"2003-02-25",5.2971
"2003-02-26",5.19775
"2003-02-27",5.1867
"2003-02-28",5.57295
"2003-03-03",5.62815
"2003-03-04",5.62815
"2003-03-05",5.62815
"2003-03-06",5.85985
"2003-03-07",5.77155
"2003-03-10",5.81575
"2003-03-11",5.88195
"2003-03-12",5.79365
"2003-03-13",6.01435
"2003-03-14",6.12475
"2003-03-17",6.1799
"2003-03-18",6.1799
"2003-03-19",6.0696
"2003-03-20",5.9592
"2003-03-21",6.1799
"2003-03-24",6.36755
"2003-03-25",6.36755
"2003-03-26",6.511
"2003-03-27",6.6765
"2003-03-28",6.7979
"2003-03-31",6.32335
"2003-04-01",6.6434
"2003-04-02",6.7758
"2003-04-03",7.06275
"2003-04-04",7.3828
"2003-04-07",7.30555
"2003-04-08",7.06275
"2003-04-09",6.8972
"2003-04-10",7.0628
"2003-04-11",7.0628
"2003-04-14",6.8862
"2003-04-15",6.87515
"2003-04-16",6.2351
"2003-04-17",6.58825
"2003-04-18",6.58825
"2003-04-21",6.58825
"2003-04-22",6.98555
"2003-04-23",6.9855
"2003-04-24",7.2835
"2003-04-25",7.55935
"2003-04-28",7.6697
"2003-04-29",7.449
"2003-04-30",7.3276
"2003-05-01",7.3276
"2003-05-02",7.46005
"2003-05-05",7.39385
"2003-05-06",7.5152
"2003-05-07",7.83525
"2003-05-08",8.08905
"2003-05-09",7.83525
"2003-05-12",7.80215
"2003-05-13",8.0891
"2003-05-14",8.0891
"2003-05-15",8.1553
"2003-05-16",8.1553
"2003-05-19",8.1663
"2003-05-20",7.83525
"2003-05-21",7.9125
"2003-05-22",8.4974
"2003-05-23",8.3208
"2003-05-26",8.7843
"2003-05-27",8.17735
"2003-05-28",8.7181
"2003-05-29",8.6077
"2003-05-30",8.2656
"2003-06-02",8.7622
"2003-06-03",8.77325
"2003-06-04",8.7843
"2003-06-05",8.2877
"2003-06-06",8.27665
"2003-06-09",7.65865
"2003-06-10",7.37175
"2003-06-11",7.3166
"2003-06-12",7.55935
"2003-06-13",7.31655
"2003-06-16",7.6145
"2003-06-17",7.2835
"2003-06-18",7.2835
"2003-06-19",7.49315
"2003-06-20",7.20625
"2003-06-23",7.20625
"2003-06-24",7.20625
"2003-06-25",7.33865
"2003-06-26",7.2835
"2003-06-27",7.5042
"2003-06-30",7.5042
"2003-07-01",7.5042
"2003-07-02",7.6697
"2003-07-03",7.6697
"2003-07-04",7.2835
"2003-07-07",7.91245
"2003-07-08",7.96765
"2003-07-09",8.0449
"2003-07-10",7.68075
"2003-07-11",7.68075
"2003-07-14",8.05595
"2003-07-15",8.1663
"2003-07-16",8.1884
"2003-07-17",8.05595
"2003-07-18",8.26565
"2003-07-21",8.1884
"2003-07-22",8.1553
"2003-07-23",8.12215
"2003-07-24",7.9125
"2003-07-25",7.9125
"2003-07-28",7.9125
"2003-07-29",7.9125
"2003-07-30",8.2546
"2003-07-31",8.33185
"2003-08-01",8.2215
"2003-08-04",8.27665
"2003-08-05",8.4422
"2003-08-06",8.05595
"2003-08-07",8.26565
"2003-08-08",8.27665
"2003-08-11",8.4201
"2003-08-12",8.4201
"2003-08-13",8.33185
"2003-08-14",8.2215
"2003-08-15",8.27665
"2003-08-18",8.2546
"2003-08-19",8.60775
"2003-08-20",8.6629
"2003-08-21",8.54155
"2003-08-22",8.6077
"2003-08-25",9.01605
"2003-08-26",9.0271
"2003-08-27",9.1485
"2003-08-28",8.94985
"2003-08-29",9.016
"2003-09-01",9.016
"2003-09-02",9.016
"2003-09-03",9.005
"2003-09-04",9.04915
"2003-09-05",9.20365
"2003-09-08",8.8836
"2003-09-09",9.0492
"2003-09-10",8.9719
"2003-09-11",9.19265
"2003-09-12",9.5789
"2003-09-15",10.04235
"2003-09-16",11.62045
"2003-09-17",11.7087
"2003-09-18",11.4549
"2003-09-19",11.15695
"2003-09-22",11.3666
"2003-09-23",11.35555
"2003-09-24",11.56525
"2003-09-25",10.81485
"2003-09-26",10.51685
"2003-09-29",10.38445
"2003-09-30",9.85475
"2003-10-01",9.85475
"2003-10-02",9.8658
"2003-10-03",10.09755
"2003-10-06",10.3293
"2003-10-07",10.0424
"2003-10-08",9.7444
"2003-10-09",9.7996
"2003-10-10",9.9982
"2003-10-13",10.2079
"2003-10-14",10.2631
"2003-10-15",10.63825
"2003-10-16",10.4617
"2003-10-17",10.6714
"2003-10-20",10.5058
"2003-10-21",10.4838
"2003-10-22",10.47275
"2003-10-23",10.28515
"2003-10-24",10.30725
"2003-10-27",10.00925
"2003-10-28",10.43965
"2003-10-29",10.4176
"2003-10-30",10.79275
"2003-10-31",10.7928
"2003-11-03",10.55
"2003-11-04",10.8259
"2003-11-05",11.179
"2003-11-06",11.47695
"2003-11-07",11.84115
"2003-11-10",11.8632
"2003-11-11",12.02875
"2003-11-12",12.0398
"2003-11-13",12.05085
"2003-11-14",12.0619
"2003-11-17",12.1943
"2003-11-18",12.18325
"2003-11-19",11.75285
"2003-11-20",12.02875
"2003-11-21",12.30465
"2003-11-24",12.4481
"2003-11-25",12.2605
"2003-11-26",12.6357
"2003-11-27",12.735
"2003-11-28",12.735
"2003-12-01",13.353
"2003-12-02",13.51855
"2003-12-03",13.4082
"2003-12-04",13.6399
"2003-12-05",14.9642
"2003-12-08",12.96675
"2003-12-09",13.2868
"2003-12-10",13.35305
"2003-12-11",13.73925
"2003-12-12",14.45655
"2003-12-15",14.73245
"2003-12-16",14.84285
"2003-12-17",15.06355
"2003-12-18",14.6331
"2003-12-19",14.6221
"2003-12-22",15.05245
"2003-12-23",15.2842
"2003-12-24",15.2842
"2003-12-25",15.2842
"2003-12-26",15.2842
"2003-12-29",15.69255
"2003-12-30",15.78085
"2003-12-31",15.1739
"2004-01-01",15.1739
"2004-01-02",15.62635
"2004-01-05",15.6705
"2004-01-06",15.97945
"2004-01-07",15.67045
"2004-01-08",15.72565
"2004-01-09",14.6773
"2004-01-12",13.79445
"2004-01-13",13.12125
"2004-01-14",13.80545
"2004-01-15",14.29105
"2004-01-16",14.3352
"2004-01-19",14.29105
"2004-01-20",14.0372
"2004-01-21",13.91585
"2004-01-22",14.30205
"2004-01-23",14.1255
"2004-01-26",14.1255
"2004-01-27",14.29105
"2004-01-28",14.29105
"2004-01-29",13.26475
"2004-01-30",12.80125
"2004-02-02",13.24265
"2004-02-03",13.43025
"2004-02-04",12.6357
"2004-02-05",12.6247
"2004-02-06",12.3819
"2004-02-09",12.9116
"2004-02-10",13.45235
"2004-02-11",13.6841
"2004-02-12",13.7834
"2004-02-13",13.7613
"2004-02-16",13.90475
"2004-02-17",13.9048
"2004-02-18",14.01515
"2004-02-19",14.29105
"2004-02-20",14.29105
"2004-02-23",14.41245
"2004-02-24",13.353
"2004-02-25",13.8827
"2004-02-26",14.4676
"2004-02-27",14.5669
"2004-03-01",14.6221
"2004-03-02",15.40565
"2004-03-03",15.72565
"2004-03-04",15.79185
"2004-03-05",16.0126
"2004-03-08",16.06775
"2004-03-09",15.83605
"2004-03-10",15.91325
"2004-03-11",15.78085
"2004-03-12",15.72565
"2004-03-15",15.95745
"2004-03-16",16.00155
"2004-03-17",16.99475
"2004-03-18",16.7961
"2004-03-19",17.49135
"2004-03-22",18.67215
"2004-03-23",18.3742
"2004-03-24",18.9591
"2004-03-25",18.12035
"2004-03-26",18.51765
"2004-03-29",18.6059
"2004-03-30",19.03635
"2004-03-31",19.3453
"2004-04-01",19.42255
"2004-04-02",20.2502
"2004-04-05",21.1662
"2004-04-06",21.0227
"2004-04-07",20.96755
"2004-04-08",20.7468
"2004-04-09",20.7468
"2004-04-12",20.7468
"2004-04-13",21.0227
"2004-04-14",20.6475
"2004-04-15",20.38265
"2004-04-16",20.26125
"2004-04-19",20.65855
"2004-04-20",21.1993
"2004-04-21",20.80205
"2004-04-22",20.6365
"2004-04-23",21.02275
"2004-04-26",20.96755
"2004-04-27",21.0779
"2004-04-28",20.2392
"2004-04-29",20.2061
"2004-04-30",19.9523
"2004-05-03",20.493
"2004-05-04",20.07365
"2004-05-05",18.8708
"2004-05-06",20.4158
"2004-05-07",19.57705
"2004-05-10",19.42255
"2004-05-11",19.864
"2004-05-12",19.7426
"2004-05-13",19.4336
"2004-05-14",19.0694
"2004-05-17",19.14665
"2004-05-18",19.7426
"2004-05-19",20.7027
"2004-05-20",20.19505
"2004-05-21",21.25445
"2004-05-24",22.79945
"2004-05-25",22.88775
"2004-05-26",23.4836
"2004-05-27",23.11945
"2004-05-28",22.64495
"2004-05-31",23.28505
"2004-06-01",23.1747
"2004-06-02",22.4684
"2004-06-03",22.347
"2004-06-04",22.5677
"2004-06-07",22.5677
"2004-06-08",22.2918
"2004-06-09",21.9607
"2004-06-10",22.00485
"2004-06-11",23.3181
"2004-06-14",23.1636
"2004-06-15",23.6161
"2004-06-16",23.72645
"2004-06-17",22.9981
"2004-06-18",24.3334
"2004-06-21",24.4658
"2004-06-22",24.4658
"2004-06-23",24.8852
"2004-06-24",25.81215
"2004-06-25",26.0991
"2004-06-28",26.37495
"2004-06-29",26.77225
"2004-06-30",27.313
"2004-07-01",26.92675
"2004-07-02",26.375
"2004-07-05",26.397
"2004-07-06",26.7943
"2004-07-07",26.77225
"2004-07-08",26.77225
"2004-07-09",26.5405
"2004-07-12",27.0371
"2004-07-13",26.31975
"2004-07-14",26.51845
"2004-07-15",28.0082
"2004-07-16",27.91995
"2004-07-19",28.96835
"2004-07-20",28.5821
"2004-07-21",29.1339
"2004-07-22",28.251
"2004-07-23",28.4717
"2004-07-26",28.4717
"2004-07-27",28.63725
"2004-07-28",29.46495
"2004-07-29",30.34775
"2004-07-30",32.11345
"2004-08-02",32.4997
"2004-08-03",35.24755
"2004-08-04",36.08625
"2004-08-05",40.55565
"2004-08-06",44.694
"2004-08-09",45.5658
"2004-08-10",46.4045
"2004-08-11",50.70835
"2004-08-12",49.21855
"2004-08-13",45.33405
"2004-08-16",46.2831
"2004-08-17",46.29415
"2004-08-18",46.41555
"2004-08-19",46.58105
"2004-08-20",46.4707
"2004-08-23",46.29415
"2004-08-24",46.1948
"2004-08-25",46.6031
"2004-08-26",46.45965
"2004-08-27",46.06235
"2004-08-30",46.48175
"2004-08-31",46.6583
"2004-09-01",46.02925
"2004-09-02",45.5658
"2004-09-03",47.45285
"2004-09-06",50.27795
"2004-09-07",52.36365
"2004-09-08",56.2261
"2004-09-09",52.41885
"2004-09-10",54.86875
"2004-09-13",54.15145
"2004-09-14",54.3942
"2004-09-15",54.18455
"2004-09-16",53.85345
"2004-09-17",52.9265
"2004-09-20",50.54285
"2004-09-21",49.1634
"2004-09-22",49.83655
"2004-09-23",49.15235
"2004-09-24",48.6337
"2004-09-27",48.3247
"2004-09-28",47.4639
"2004-09-29",50.5759
"2004-09-30",50.64215
"2004-10-01",52.165
"2004-10-04",53.5776
"2004-10-05",57.45105
"2004-10-06",58.43325
"2004-10-07",59.43745
"2004-10-08",56.6675
"2004-10-11",56.11575
"2004-10-12",55.7847
"2004-10-13",53.65485
"2004-10-14",48.8544
"2004-10-15",51.11665
"2004-10-18",52.31955
"2004-10-19",50.32215
"2004-10-20",45.8527
"2004-10-21",44.6278
"2004-10-22",44.9478
"2004-10-25",52.14295
"2004-10-26",56.6896
"2004-10-27",60.1879
"2004-10-28",57.38485
"2004-10-29",57.34075
"2004-11-01",58.5988
"2004-11-02",59.16155
"2004-11-03",61.468
"2004-11-04",62.50535
"2004-11-05",62.5164
"2004-11-08",61.01555
"2004-11-09",63.9952
"2004-11-10",63.4544
"2004-11-11",63.90685
"2004-11-12",64.9994
"2004-11-15",65.77185
"2004-11-16",65.6505
"2004-11-17",64.7787
"2004-11-18",65.0656
"2004-11-19",65.5512
"2004-11-22",65.12075
"2004-11-23",64.6352
"2004-11-24",62.68195
"2004-11-25",62.704
"2004-11-26",64.8449
"2004-11-29",69.6233
"2004-11-30",69.23705
"2004-12-01",70.782
"2004-12-02",70.02055
"2004-12-03",66.61055
"2004-12-06",68.1997
"2004-12-07",66.2464
"2004-12-08",62.3619
"2004-12-09",61.6004
"2004-12-10",62.47225
"2004-12-13",61.5673
"2004-12-14",63.7303
"2004-12-15",61.6004
"2004-12-16",62.9247
"2004-12-17",63.7303
"2004-12-20",64.7235
"2004-12-21",66.0257
"2004-12-22",65.6615
"2004-12-23",65.6505
"2004-12-24",64.27105
"2004-12-27",64.43655
"2004-12-28",63.39925
"2004-12-29",63.2668
"2004-12-30",61.2473
"2004-12-31",60.99345
"2005-01-03",62.2405
"2005-01-04",60.91625
"2005-01-05",57.3738
"2005-01-06",57.3297
"2005-01-07",58.2677
"2005-01-10",57.2745
"2005-01-11",55.2881
"2005-01-12",51.4808
"2005-01-13",54.5818
"2005-01-14",60.1327
"2005-01-17",61.13695
"2005-01-18",60.6955
"2005-01-19",60.0665
"2005-01-20",58.96295
"2005-01-21",60.35345
"2005-01-24",60.73965
"2005-01-25",60.5852
"2005-01-26",61.1921
"2005-01-27",59.9782
"2005-01-28",60.9273
"2005-01-31",61.5342
"2005-02-01",62.0529
"2005-02-02",63.9179
"2005-02-03",63.6089
"2005-02-04",63.024
"2005-02-07",64.5911
"2005-02-08",65.2532
"2005-02-09",66.08085
"2005-02-10",65.39665
"2005-02-11",65.5953
"2005-02-14",66.04775
"2005-02-15",66.37885
"2005-02-16",65.1539
"2005-02-17",68.18865
"2005-02-18",67.87965
"2005-02-21",67.979
"2005-02-22",66.5664
"2005-02-23",64.90005
"2005-02-24",65.2753
"2005-02-25",67.36095
"2005-02-28",71.12415
"2005-03-01",68.77355
"2005-03-02",68.4425
"2005-03-03",69.6343
"2005-03-04",70.771
"2005-03-07",71.4552
"2005-03-08",67.68105
"2005-03-09",67.11825
"2005-03-10",65.5622
"2005-03-11",65.0877
"2005-03-14",65.27525
"2005-03-15",65.6284
"2005-03-16",63.3551
"2005-03-17",60.5631
"2005-03-18",61.34665
"2005-03-21",60.51895
"2005-03-22",61.5232
"2005-03-23",62.35085
"2005-03-24",59.7023
"2005-03-25",59.7023
"2005-03-28",59.7023
"2005-03-29",55.08945
"2005-03-30",52.25335
"2005-03-31",53.56655
"2005-04-01",56.39165
"2005-04-04",55.48675
"2005-04-05",54.5708
"2005-04-06",54.4494
"2005-04-07",54.36115
"2005-04-08",55.2881
"2005-04-11",53.06995
"2005-04-12",53.68795
"2005-04-13",54.40525
"2005-04-14",50.6532
"2005-04-15",47.57425
"2005-04-18",46.01825
"2005-04-19",47.2542
"2005-04-20",48.744
"2005-04-21",49.71515
"2005-04-22",50.2007
"2005-04-25",49.053
"2005-04-26",46.76865
"2005-04-27",42.3434
"2005-04-28",40.7764
"2005-04-29",40.666
"2005-05-02",40.9419
"2005-05-03",40.43425
"2005-05-04",39.65075
"2005-05-05",40.8867
"2005-05-06",44.1532
"2005-05-09",45.952
"2005-05-10",45.6099
"2005-05-11",44.3188
"2005-05-12",45.0692
"2005-05-13",42.5972
"2005-05-16",41.30605
"2005-05-17",42.6855
"2005-05-18",44.2084
"2005-05-19",44.52845
"2005-05-20",44.36295
"2005-05-23",43.8111
"2005-05-24",44.03185
"2005-05-25",42.3986
"2005-05-26",42.1668
"2005-05-27",43.8663
"2005-05-30",43.3697
"2005-05-31",44.6719
"2005-06-01",45.19055
"2005-06-02",45.24575
"2005-06-03",45.70925
"2005-06-06",45.323
"2005-06-07",44.78225
"2005-06-08",44.7271
"2005-06-09",44.93675
"2005-06-10",45.55475
"2005-06-13",44.694
"2005-06-14",43.88835
"2005-06-15",45.20165
"2005-06-16",46.25
"2005-06-17",47.57425
"2005-06-20",47.23215
"2005-06-21",45.6651
"2005-06-22",45.24575
"2005-06-23",44.47325
"2005-06-24",42.8069
"2005-06-27",40.666
"2005-06-28",42.10065
"2005-06-29",43.63455
"2005-06-30",43.7339
"2005-07-01",42.8731
"2005-07-04",43.68975
"2005-07-05",44.30775
"2005-07-06",44.37395
"2005-07-07",43.31455
"2005-07-08",44.90365
"2005-07-11",45.53265
"2005-07-12",45.8196
"2005-07-13",48.21435
"2005-07-14",48.58955
"2005-07-15",47.53015
"2005-07-18",47.45285
"2005-07-19",48.66675
"2005-07-20",49.5165
"2005-07-21",50.8408
"2005-07-22",52.8934
"2005-07-25",53.85345
"2005-07-26",52.13195
"2005-07-27",53.6217
"2005-07-28",53.51135
"2005-07-29",53.53345
"2005-08-01",53.1362
"2005-08-02",53.63275
"2005-08-03",54.1404
"2005-08-04",52.6506
"2005-08-05",51.51395
"2005-08-08",52.13195
"2005-08-09",53.3017
"2005-08-10",50.3773
"2005-08-11",51.91125
"2005-08-12",52.28645
"2005-08-15",51.93325
"2005-08-16",52.3637
"2005-08-17",51.97745
"2005-08-18",51.8119
"2005-08-19",51.66845
"2005-08-22",51.2712
"2005-08-23",51.6464
"2005-08-24",49.9579
"2005-08-25",49.3841
"2005-08-26",49.65995
"2005-08-29",49.7593
"2005-08-30",50.98425
"2005-08-31",50.6642
"2005-09-01",51.1939
"2005-09-02",50.91805
"2005-09-05",50.7635
"2005-09-06",51.30425
"2005-09-07",51.9333
"2005-09-08",52.154
"2005-09-09",52.2423
"2005-09-12",53.47825
"2005-09-13",53.63275
"2005-09-14",53.68795
"2005-09-15",54.12935
"2005-09-16",54.8577
"2005-09-19",55.14465
"2005-09-20",54.67015
"2005-09-21",54.04105
"2005-09-22",54.48255
"2005-09-23",54.4604
"2005-09-26",54.7915
"2005-09-27",54.8467
"2005-09-28",54.4053
"2005-09-29",53.78725
"2005-09-30",53.081
"2005-10-03",54.7915
"2005-10-04",53.44515
"2005-10-05",50.15655
"2005-10-06",48.12605
"2005-10-07",47.94945
"2005-10-10",49.70415
"2005-10-11",48.19225
"2005-10-12",47.4639
"2005-10-13",45.36715
"2005-10-14",44.62775
"2005-10-17",44.77125
"2005-10-18",45.7865
"2005-10-19",43.59045
"2005-10-20",45.64305
"2005-10-21",44.1422
"2005-10-24",44.9147
"2005-10-25",47.2432
"2005-10-26",47.01145
"2005-10-27",46.07345
"2005-10-28",44.5726
"2005-10-31",47.3977
"2005-11-01",46.97835
"2005-11-02",47.72875
"2005-11-03",47.9384
"2005-11-04",47.60735
"2005-11-07",47.94945
"2005-11-08",47.61835
"2005-11-09",46.6804
"2005-11-10",45.79755
"2005-11-11",47.04455
"2005-11-14",49.3289
"2005-11-15",49.9469
"2005-11-16",49.8586
"2005-11-17",50.4325
"2005-11-18",50.52075
"2005-11-21",51.37045
"2005-11-22",52.1319
"2005-11-23",52.27535
"2005-11-24",52.5734
"2005-11-25",51.99955
"2005-11-28",51.8009
"2005-11-29",51.52495
"2005-11-30",53.19135
"2005-12-01",52.8051
"2005-12-02",53.51135
"2005-12-05",53.4783
"2005-12-06",53.36795
"2005-12-07",53.4452
"2005-12-08",53.34585
"2005-12-09",52.56235
"2005-12-12",51.8119
"2005-12-13",51.03945
"2005-12-14",49.38405
"2005-12-15",49.4282
"2005-12-16",49.0089
"2005-12-19",48.71095
"2005-12-20",48.435
"2005-12-21",48.72195
"2005-12-22",48.6557
"2005-12-23",48.66675
"2005-12-26",48.66675
"2005-12-27",48.62265
"2005-12-28",48.62265
"2005-12-29",48.44605
"2005-12-30",49.21855
"2006-01-02",50.907
"2006-01-03",50.96215
"2006-01-04",50.1235
"2006-01-05",49.4834
"2006-01-06",49.2627
"2006-01-09",51.2491
"2006-01-10",51.70155
"2006-01-11",52.37475
"2006-01-12",52.452
"2006-01-13",51.8671
"2006-01-16",51.78985
"2006-01-17",51.44775
"2006-01-18",51.3374
"2006-01-19",51.7126
"2006-01-20",52.33055
"2006-01-23",51.9664
"2006-01-24",53.2796
"2006-01-25",56.64545
"2006-01-26",56.76685
"2006-01-27",61.8101
"2006-01-30",64.06135
"2006-01-31",64.5028
"2006-02-01",65.1208
"2006-02-02",65.33045
"2006-02-03",65.0546
"2006-02-06",65.0987
"2006-02-07",66.3678
"2006-02-08",62.1853
"2006-02-09",62.89155
"2006-02-10",61.41285
"2006-02-13",61.95355
"2006-02-14",63.2668
"2006-02-15",63.03505
"2006-02-16",60.7176
"2006-02-17",61.13695
"2006-02-20",62.0198
"2006-02-21",61.87635
"2006-02-22",60.91625
"2006-02-23",61.5232
"2006-02-24",62.2405
"2006-02-27",62.69295
"2006-02-28",62.2295
"2006-03-01",62.1743
"2006-03-02",63.56475
"2006-03-03",65.0435
"2006-03-06",65.5843
"2006-03-07",63.59785
"2006-03-08",61.85425
"2006-03-09",62.36185
"2006-03-10",60.8059
"2006-03-13",62.07495
"2006-03-14",62.16325
"2006-03-15",63.34405
"2006-03-16",63.333
"2006-03-17",63.74135
"2006-03-20",66.04775
"2006-03-21",65.84915
"2006-03-22",65.26425
"2006-03-23",66.15815
"2006-03-24",66.59955
"2006-03-27",68.51975
"2006-03-28",69.15975
"2006-03-29",70.60545
"2006-03-30",71.26755
"2006-03-31",70.02055
"2006-04-03",70.20815
"2006-04-04",68.55285
"2006-04-05",68.92805
"2006-04-06",68.9722
"2006-04-07",68.7515
"2006-04-10",69.54605
"2006-04-11",69.18185
"2006-04-12",67.7252
"2006-04-13",68.6301
"2006-04-14",68.6301
"2006-04-17",68.6301
"2006-04-18",69.23705
"2006-04-19",70.57235
"2006-04-20",70.0978
"2006-04-21",68.5859
"2006-04-24",69.4688
"2006-04-25",68.5308
"2006-04-26",68.65215
"2006-04-27",66.4892
"2006-04-28",65.10975
"2006-05-01",65.10975
"2006-05-02",67.04095
"2006-05-03",67.06305
"2006-05-04",67.6479
"2006-05-05",69.2812
"2006-05-08",70.96965
"2006-05-09",73.6402
"2006-05-10",71.8966
"2006-05-11",71.59865
"2006-05-12",69.2922
"2006-05-15",64.7566
"2006-05-16",63.58685
"2006-05-17",61.85425
"2006-05-18",60.4748
"2006-05-19",58.12425
"2006-05-22",54.2949
"2006-05-23",53.39
"2006-05-24",53.0258
"2006-05-25",52.8051
"2006-05-26",55.7295
"2006-05-29",57.21935
"2006-05-30",57.09795
"2006-05-31",55.8178
"2006-06-01",56.70065
"2006-06-02",58.9409
"2006-06-05",57.9256
"2006-06-06",54.03005
"2006-06-07",54.03005
"2006-06-08",53.41205
"2006-06-09",53.5776
"2006-06-12",52.8603
"2006-06-13",51.1498
"2006-06-14",51.85605
"2006-06-15",53.56655
"2006-06-16",54.637
"2006-06-19",54.8798
"2006-06-20",55.23295
"2006-06-21",56.9876
"2006-06-22",58.74225
"2006-06-23",56.7779
"2006-06-26",54.7915
"2006-06-27",53.5776
"2006-06-28",51.85605
"2006-06-29",52.81615
"2006-06-30",53.90865
"2006-07-03",52.50715
"2006-07-04",51.3815
"2006-07-05",49.40615
"2006-07-06",49.27375
"2006-07-07",50.90695
"2006-07-10",51.6022
"2006-07-11",50.74145
"2006-07-12",52.19815
"2006-07-13",56.22615
"2006-07-14",57.88145
"2006-07-17",55.6192
"2006-07-18",55.70745
"2006-07-19",56.51305
"2006-07-20",59.0512
"2006-07-21",57.9366
"2006-07-24",56.7448
"2006-07-25",56.44685
"2006-07-26",57.7711
"2006-07-27",58.70915
"2006-07-28",57.98075
"2006-07-31",58.047
"2006-08-01",59.0733
"2006-08-02",59.01815
"2006-08-03",58.985
"2006-08-04",58.37805
"2006-08-07",57.3959
"2006-08-08",56.78895
"2006-08-09",55.77365
"2006-08-10",55.2881
"2006-08-11",54.03005
"2006-08-14",54.4163
"2006-08-15",54.2949
"2006-08-16",55.2219
"2006-08-17",56.5572
"2006-08-18",55.45365
"2006-08-21",55.12255
"2006-08-22",55.5309
"2006-08-23",56.4689
"2006-08-24",57.0317
"2006-08-25",58.47735
"2006-08-28",58.51045
"2006-08-29",57.6828
"2006-08-30",57.727
"2006-08-31",57.7821
"2006-09-01",58.99605
"2006-09-04",59.7465
"2006-09-05",59.71335
"2006-09-06",59.3271
"2006-09-07",58.48845
"2006-09-08",58.7312
"2006-09-11",58.1132
"2006-09-12",56.92135
"2006-09-13",57.6718
"2006-09-14",59.1616
"2006-09-15",58.7312
"2006-09-18",58.15735
"2006-09-19",59.1616
"2006-09-20",59.37125
"2006-09-21",59.2609
"2006-09-22",57.9256
"2006-09-25",56.7779
"2006-09-26",56.27025
"2006-09-27",58.80845
"2006-09-28",60.5631
"2006-09-29",60.9383
"2006-10-02",60.29825
"2006-10-03",60.05545
"2006-10-04",59.4485
"2006-10-05",60.89415
"2006-10-06",62.3288
"2006-10-09",63.82965
"2006-10-10",65.0987
"2006-10-11",65.3194
"2006-10-12",65.816
"2006-10-13",66.8313
"2006-10-16",68.24385
"2006-10-17",68.1776
"2006-10-18",69.61225
"2006-10-19",70.0206
"2006-10-20",70.29645
"2006-10-23",71.0579
"2006-10-24",73.3754
"2006-10-25",75.7701
"2006-10-26",75.3397
"2006-10-27",73.83885
"2006-10-30",73.06635
"2006-10-31",73.70645
"2006-11-01",74.4679
"2006-11-02",72.93395
"2006-11-03",72.16145
"2006-11-06",73.2319
"2006-11-07",72.09525
"2006-11-08",71.62075
"2006-11-09",72.86775
"2006-11-10",73.59605
"2006-11-13",73.17675
"2006-11-14",73.51885
"2006-11-15",71.62075
"2006-11-16",71.49935
"2006-11-17",70.5613
"2006-11-20",69.6233
"2006-11-21",71.06895
"2006-11-22",72.77945
"2006-11-23",72.1284
"2006-11-24",71.10205
"2006-11-27",70.75995
"2006-11-28",69.226
"2006-11-29",69.8771
"2006-11-30",69.6895
"2006-12-01",68.5418
"2006-12-04",67.3169
"2006-12-05",68.9391
"2006-12-06",69.7888
"2006-12-07",70.36265
"2006-12-08",70.82615
"2006-12-11",71.92975
"2006-12-12",71.10205
"2006-12-13",69.4357
"2006-12-14",70.1861
"2006-12-15",70.15295
"2006-12-18",70.47305
"2006-12-19",69.04945
"2006-12-20",70.00955
"2006-12-21",70.50615
"2006-12-22",70.14195
"2006-12-25",70.14195
"2006-12-26",70.14195
"2006-12-27",69.8881
"2006-12-28",70.7048
"2006-12-29",70.8593
"2007-01-01",70.8593
"2007-01-02",71.6428
"2007-01-03",70.84825
"2007-01-04",67.3389
"2007-01-05",68.00105
"2007-01-08",67.8576
"2007-01-09",68.7515
"2007-01-10",67.93485
"2007-01-11",68.70735
"2007-01-12",68.7846
"2007-01-15",70.1199
"2007-01-16",71.16825
"2007-01-17",70.2413
"2007-01-18",71.0579
"2007-01-19",70.0868
"2007-01-22",71.5214
"2007-01-23",72.90085
"2007-01-24",75.8915
"2007-01-25",76.9509
"2007-01-26",77.1495
"2007-01-29",78.30825
"2007-01-30",78.1096
"2007-01-31",79.18005
"2007-02-01",80.55955
"2007-02-02",81.13335
"2007-02-05",81.1996
"2007-02-06",80.72505
"2007-02-07",80.8244
"2007-02-08",80.12915
"2007-02-09",80.5816
"2007-02-12",79.36765
"2007-02-13",80.3057
"2007-02-14",81.6189
"2007-02-15",83.826
"2007-02-16",84.5654
"2007-02-19",85.69105
"2007-02-20",85.1724
"2007-02-21",84.24535
"2007-02-22",86.90495
"2007-02-23",86.916
"2007-02-26",89.1893
"2007-02-27",87.1367
"2007-02-28",82.43555
"2007-03-01",86.56285
"2007-03-02",88.11885
"2007-03-05",83.7598
"2007-03-06",85.22755
"2007-03-07",86.44145
"2007-03-08",88.20715
"2007-03-09",87.9754
"2007-03-12",87.236
"2007-03-13",86.49665
"2007-03-14",83.0646
"2007-03-15",83.67155
"2007-03-16",84.01365
"2007-03-19",82.8108
"2007-03-20",82.3914
"2007-03-21",84.4992
"2007-03-22",87.1367
"2007-03-23",86.22075
"2007-03-26",88.05265
"2007-03-27",87.8871
"2007-03-28",85.70205
"2007-03-29",86.3201
"2007-03-30",87.58915
"2007-04-02",87.6333
"2007-04-03",88.5603
"2007-04-04",88.85825
"2007-04-05",89.47625
"2007-04-06",89.47625
"2007-04-09",89.47625
"2007-04-10",90.6129
"2007-04-11",90.38115
"2007-04-12",89.33275
"2007-04-13",88.4499
"2007-04-16",88.9355
"2007-04-17",88.15195
"2007-04-18",86.4194
"2007-04-19",85.0951
"2007-04-20",88.42785
"2007-04-23",89.63075
"2007-04-24",88.49405
"2007-04-25",87.6664
"2007-04-26",87.5119
"2007-04-27",86.72835
"2007-04-30",87.74365
"2007-05-01",87.74365
"2007-05-02",87.6112
"2007-05-03",88.41685
"2007-05-04",90.50255
"2007-05-07",93.2835
"2007-05-08",92.3786
"2007-05-09",92.3234
"2007-05-10",91.99235
"2007-05-11",90.91085
"2007-05-14",92.0806
"2007-05-15",93.01865
"2007-05-16",93.3828
"2007-05-17",94.1222
"2007-05-18",95.6672
"2007-05-21",96.89215
"2007-05-22",97.1901
"2007-05-23",97.23425
"2007-05-24",96.38445
"2007-05-25",94.91675
"2007-05-28",96.0534
"2007-05-29",96.3735
"2007-05-30",95.1485
"2007-05-31",97.36665
"2007-06-01",100.15865
"2007-06-04",103.0279
"2007-06-05",103.91075
"2007-06-06",102.70785
"2007-06-07",101.61535
"2007-06-08",100.12555
"2007-06-11",102.26645
"2007-06-12",102.33265
"2007-06-13",102.67475
"2007-06-14",106.39375
"2007-06-15",106.83515
"2007-06-18",107.32075
"2007-06-19",107.42005
"2007-06-20",109.572
"2007-06-21",108.15945
"2007-06-22",107.2104
"2007-06-25",106.58135
"2007-06-26",104.09835
"2007-06-27",101.0525
"2007-06-28",102.16715
"2007-06-29",102.3658
"2007-07-02",103.2486
"2007-07-03",104.57285
"2007-07-04",104.5618
"2007-07-05",105.1357
"2007-07-06",105.235
"2007-07-09",107.3759
"2007-07-10",105.53295
"2007-07-11",105.52195
"2007-07-12",107.4863
"2007-07-13",108.29185
"2007-07-16",105.8861
"2007-07-17",105.7537
"2007-07-18",105.1467
"2007-07-19",105.6985
"2007-07-20",105.33435
"2007-07-23",105.77575
"2007-07-24",105.97435
"2007-07-25",104.7053
"2007-07-26",102.04575
"2007-07-27",99.18755
"2007-07-30",99.69515
"2007-07-31",101.1187
"2007-08-01",102.3437
"2007-08-02",104.23075
"2007-08-03",103.3148
"2007-08-06",100.7766
"2007-08-07",99.331
"2007-08-08",101.0194
"2007-08-09",98.73505
"2007-08-10",94.4974
"2007-08-13",94.6188
"2007-08-14",94.75125
"2007-08-15",92.31235
"2007-08-16",89.2224
"2007-08-17",87.6554
"2007-08-20",91.1426
"2007-08-21",93.05175
"2007-08-22",96.4397
"2007-08-23",98.39295
"2007-08-24",100.32415
"2007-08-27",103.679
"2007-08-28",101.81395
"2007-08-29",100.87595
"2007-08-30",103.30375
"2007-08-31",105.65435
"2007-09-03",107.1552
"2007-09-04",107.02275
"2007-09-05",105.6985
"2007-09-06",105.25705
"2007-09-07",105.3785
"2007-09-10",100.73245
"2007-09-11",101.74775
"2007-09-12",101.9133
"2007-09-13",104.01005
"2007-09-14",106.71375
"2007-09-17",106.8462
"2007-09-18",107.0007
"2007-09-19",113.07025
"2007-09-20",114.3062
"2007-09-21",117.63895
"2007-09-24",120.18815
"2007-09-25",119.69155
"2007-09-26",121.4683
"2007-09-27",122.51665
"2007-09-28",121.3138
"2007-10-01",122.307
"2007-10-02",122.7153
"2007-10-03",120.7951
"2007-10-04",118.32315
"2007-10-05",119.9785
"2007-10-08",121.47935
"2007-10-09",118.97425
"2007-10-10",121.35795
"2007-10-11",124.3486
"2007-10-12",122.28495
"2007-10-15",122.616
"2007-10-16",119.4709
"2007-10-17",119.504
"2007-10-18",121.51245
"2007-10-19",122.7153
"2007-10-22",117.94795
"2007-10-23",120.05575
"2007-10-24",121.4462
"2007-10-25",122.04215
"2007-10-26",122.19665
"2007-10-29",126.39015
"2007-10-30",125.52935
"2007-10-31",121.82145
"2007-11-01",119.4267
"2007-11-02",114.38345
"2007-11-05",114.96835
"2007-11-06",116.712
"2007-11-07",117.2748
"2007-11-08",116.39195
"2007-11-09",115.4429
"2007-11-12",107.78425
"2007-11-13",106.76895
"2007-11-14",112.0108
"2007-11-15",108.38015
"2007-11-16",106.2944
"2007-11-19",105.7647
"2007-11-20",105.3895
"2007-11-21",104.21975
"2007-11-22",104.16455
"2007-11-23",104.8598
"2007-11-26",108.94295
"2007-11-27",105.6433
"2007-11-28",104.0873
"2007-11-29",108.7664
"2007-11-30",111.0618
"2007-12-03",110.43275
"2007-12-04",106.5703
"2007-12-05",106.49305
"2007-12-06",107.9387
"2007-12-07",110.4879
"2007-12-10",111.35975
"2007-12-11",111.85635
"2007-12-12",112.86055
"2007-12-13",111.15005
"2007-12-14",109.50575
"2007-12-17",107.55245
"2007-12-18",107.3428
"2007-12-19",107.0448
"2007-12-20",109.3954
"2007-12-21",112.4412
"2007-12-24",113.2689
"2007-12-25",113.2689
"2007-12-26",113.2689
"2007-12-27",115.6636
"2007-12-28",116.46915
"2007-12-31",117.1755
"2008-01-01",117.1755
"2008-01-02",117.5617
"2008-01-03",114.03035
"2008-01-04",111.85635
"2008-01-07",108.0932
"2008-01-08",107.62975
"2008-01-09",105.33435
"2008-01-10",101.7588
"2008-01-11",99.4303
"2008-01-14",100.4014
"2008-01-15",100.0262
"2008-01-16",95.44645
"2008-01-17",95.2037
"2008-01-18",96.2962
"2008-01-21",88.6044
"2008-01-22",85.5917
"2008-01-23",89.5976
"2008-01-24",92.03645
"2008-01-25",97.47705
"2008-01-28",93.58145
"2008-01-29",97.6977
"2008-01-30",96.1748
"2008-01-31",96.3514
"2008-02-01",102.07885
"2008-02-04",105.15775
"2008-02-05",102.74095
"2008-02-06",100.887
"2008-02-07",100.4456
"2008-02-08",100.42355
"2008-02-11",101.73675
"2008-02-12",105.96335
"2008-02-13",105.15775
"2008-02-14",106.2172
"2008-02-15",105.853
"2008-02-18",105.99645
"2008-02-19",104.59495
"2008-02-20",106.4268
"2008-02-21",112.5185
"2008-02-22",114.9463
"2008-02-25",115.18905
"2008-02-26",115.3767
"2008-02-27",116.04985
"2008-02-28",114.93525
"2008-02-29",112.4081
"2008-03-03",110.80795
"2008-03-04",113.611
"2008-03-05",112.3419
"2008-03-06",112.94885
"2008-03-07",109.59405
"2008-03-10",105.9744
"2008-03-11",106.78
"2008-03-12",109.4285
"2008-03-13",107.76215
"2008-03-14",111.90045
"2008-03-17",108.8547
"2008-03-18",108.027
"2008-03-19",111.3818
"2008-03-20",105.7316
"2008-03-21",105.7316
"2008-03-24",105.7316
"2008-03-25",109.3071
"2008-03-26",110.212
"2008-03-27",112.2757
"2008-03-28",112.70605
"2008-03-31",113.1144
"2008-04-01",113.75445
"2008-04-02",113.5117
"2008-04-03",114.549
"2008-04-04",116.6568
"2008-04-07",120.14405
"2008-04-08",119.12875
"2008-04-09",120.34265
"2008-04-10",118.69835
"2008-04-11",118.94115
"2008-04-14",116.105
"2008-04-15",117.6721
"2008-04-16",120.442
"2008-04-17",121.8766
"2008-04-18",123.3664
"2008-04-21",124.05065
"2008-04-22",124.19405
"2008-04-23",125.1431
"2008-04-24",126.89775
"2008-04-25",125.58455
"2008-04-28",126.76535
"2008-04-29",125.6618
"2008-04-30",123.9513
"2008-05-01",123.9513
"2008-05-02",125.2535
"2008-05-05",127.35025
"2008-05-06",130.4954
"2008-05-07",133.89435
"2008-05-08",134.33575
"2008-05-09",135.26275
"2008-05-12",136.0242
"2008-05-13",136.26695
"2008-05-14",140.626
"2008-05-15",141.40955
"2008-05-16",142.96555
"2008-05-19",144.345
"2008-05-20",142.38065
"2008-05-21",141.69645
"2008-05-22",140.39425
"2008-05-23",141.03435
"2008-05-26",140.67015
"2008-05-27",139.04795
"2008-05-28",138.68375
"2008-05-29",141.59715
"2008-05-30",140.91295
"2008-06-02",139.27965
"2008-06-03",141.46475
"2008-06-04",141.1226
"2008-06-05",142.5462
"2008-06-06",146.62935
"2008-06-09",145.7244
"2008-06-10",143.68285
"2008-06-11",140.07425
"2008-06-12",137.2712
"2008-06-13",135.2186
"2008-06-16",136.07935
"2008-06-17",139.23555
"2008-06-18",138.20925
"2008-06-19",142.2372
"2008-06-20",144.9961
"2008-06-23",144.9078
"2008-06-24",144.5216
"2008-06-25",142.3586
"2008-06-26",141.2109
"2008-06-27",139.64385
"2008-06-30",139.77625
"2008-07-01",134.6889
"2008-07-02",127.9903
"2008-07-03",118.6432
"2008-07-04",118.3783
"2008-07-07",121.071
"2008-07-08",118.8087
"2008-07-09",120.7841
"2008-07-10",122.936
"2008-07-11",124.7348
"2008-07-14",123.60915
"2008-07-15",120.2875
"2008-07-16",118.22385
"2008-07-17",116.7561
"2008-07-18",111.8453
"2008-07-21",112.11015
"2008-07-22",113.6551
"2008-07-23",112.48535
"2008-07-24",109.30715
"2008-07-25",108.50155
"2008-07-28",111.77905
"2008-07-29",115.178
"2008-07-30",127.582
"2008-07-31",128.9504
"2008-08-01",122.85875
"2008-08-04",119.81295
"2008-08-05",116.6568
"2008-08-06",119.90125
"2008-08-07",121.0048
"2008-08-08",118.01415
"2008-08-11",115.9836
"2008-08-12",113.7103
"2008-08-13",115.36565
"2008-08-14",116.5244
"2008-08-15",113.5227
"2008-08-18",113.13645
"2008-08-19",111.9005
"2008-08-20",114.17375
"2008-08-21",115.58635
"2008-08-22",115.40975
"2008-08-25",114.0414
"2008-08-26",112.5405
"2008-08-27",113.9531
"2008-08-28",115.9726
"2008-08-29",118.1797
"2008-09-01",117.1534
"2008-09-02",112.6178
"2008-09-03",108.50705
"2008-09-04",104.5839
"2008-09-05",98.5199
"2008-09-08",100.2083
"2008-09-09",94.07805
"2008-09-10",94.5526
"2008-09-11",95.3692
"2008-09-12",99.74485
"2008-09-15",98.07845
"2008-09-16",96.2576
"2008-09-17",93.14005
"2008-09-18",85.66895
"2008-09-19",90.3977
"2008-09-22",95.44095
"2008-09-23",92.3786
"2008-09-24",88.2789
"2008-09-25",87.3574
"2008-09-26",87.1146
"2008-09-29",80.3112
"2008-09-30",75.22935
"2008-10-01",76.8074
"2008-10-02",70.33505
"2008-10-03",68.9777
"2008-10-06",64.03375
"2008-10-07",62.67085
"2008-10-08",55.10605
"2008-10-09",53.72105
"2008-10-10",48.74405
"2008-10-13",54.87975
"2008-10-14",58.7367
"2008-10-15",51.55805
"2008-10-16",45.1961
"2008-10-17",45.75335
"2008-10-20",49.13575
"2008-10-21",49.11925
"2008-10-22",43.9546
"2008-10-23",40.47285
"2008-10-24",36.6877
"2008-10-27",36.1525
"2008-10-28",35.64485
"2008-10-29",39.4521
"2008-10-30",41.79165
"2008-10-31",42.04545
"2008-11-03",46.42655
"2008-11-04",50.6532
"2008-11-05",46.6197
"2008-11-06",39.50725
"2008-11-07",38.4534
"2008-11-10",43.60145
"2008-11-11",40.5722
"2008-11-12",37.72505
"2008-11-13",35.70555
"2008-11-14",37.8685
"2008-11-17",37.02975
"2008-11-18",36.0421
"2008-11-19",34.76195
"2008-11-20",30.16015
"2008-11-21",30.90505
"2008-11-24",34.0557
"2008-11-25",38.47545
"2008-11-26",40.5115
"2008-11-27",42.5531
"2008-11-28",41.7806
"2008-12-01",38.70165
"2008-12-02",35.75515
"2008-12-03",35.8876
"2008-12-04",37.24495
"2008-12-05",35.4186
"2008-12-08",39.6397
"2008-12-09",40.6991
"2008-12-10",42.22755
"2008-12-11",41.60955
"2008-12-12",38.492
"2008-12-15",39.50725
"2008-12-16",38.7403
"2008-12-17",38.8396
"2008-12-18",40.0756
"2008-12-19",38.8672
"2008-12-22",37.79675
"2008-12-23",37.00215
"2008-12-24",36.45595
"2008-12-25",36.45595
"2008-12-26",36.45595
"2008-12-29",37.45465
"2008-12-30",37.64225
"2008-12-31",37.9347
"2009-01-01",37.9347
"2009-01-02",39.8604
"2009-01-05",41.48265
"2009-01-06",44.236
"2009-01-07",47.65705
"2009-01-08",44.4567
"2009-01-09",45.0802
"2009-01-12",43.7008
"2009-01-13",41.0412
"2009-01-14",40.03695
"2009-01-15",38.19955
"2009-01-16",39.52935
"2009-01-19",39.00515
"2009-01-20",38.01195
"2009-01-21",38.13885
"2009-01-22",39.0107
"2009-01-23",36.2242
"2009-01-26",37.6754
"2009-01-27",39.15965
"2009-01-28",43.1049
"2009-01-29",42.29375
"2009-01-30",40.52805
"2009-02-02",38.4865
"2009-02-03",38.9555
"2009-02-04",42.80135
"2009-02-05",44.1146
"2009-02-06",47.85565
"2009-02-09",47.8612
"2009-02-10",45.7258
"2009-02-11",45.11885
"2009-02-12",43.07175
"2009-02-13",44.52845
"2009-02-16",44.3188
"2009-02-17",41.33915
"2009-02-18",40.56115
"2009-02-19",40.5998
"2009-02-20",38.2051
"2009-02-23",37.55395
"2009-02-24",34.31505
"2009-02-25",35.71105
"2009-02-26",35.1041
"2009-02-27",33.72465
"2009-03-02",32.1024
"2009-03-03",32.6156
"2009-03-04",34.602
"2009-03-05",34.144
"2009-03-06",32.39485
"2009-03-09",31.78235
"2009-03-10",33.37705
"2009-03-11",34.8282
"2009-03-12",33.3715
"2009-03-13",34.4475
"2009-03-16",32.6928
"2009-03-17",29.32695
"2009-03-18",28.709
"2009-03-19",29.63045
"2009-03-20",30.93265
"2009-03-23",31.89275
"2009-03-24",34.00055
"2009-03-25",34.5413
"2009-03-26",34.1992
"2009-03-27",35.31925
"2009-03-30",33.10665
"2009-03-31",33.38255
"2009-04-01",34.11085
"2009-04-02",39.0769
"2009-04-03",41.08535
"2009-04-06",41.21775
"2009-04-07",38.96655
"2009-04-08",38.3982
"2009-04-09",41.4716
"2009-04-10",41.4716
"2009-04-13",41.4716
"2009-04-14",44.02635
"2009-04-15",43.84425
"2009-04-16",45.53265
"2009-04-17",48.05985
"2009-04-20",45.86375
"2009-04-21",42.9283
"2009-04-22",44.854
"2009-04-23",45.80855
"2009-04-24",44.87605
"2009-04-27",43.8277
"2009-04-28",41.0081
"2009-04-29",39.419
"2009-04-30",40.037
"2009-05-01",40.037
"2009-05-04",43.3697
"2009-05-05",45.8141
"2009-05-06",45.53815
"2009-05-07",46.1507
"2009-05-08",46.74655
"2009-05-11",45.5437
"2009-05-12",44.31325
"2009-05-13",42.33235
"2009-05-14",41.1516
"2009-05-15",42.0013
"2009-05-18",43.138
"2009-05-19",46.89005
"2009-05-20",48.8544
"2009-05-21",47.2432
"2009-05-22",46.73555
"2009-05-25",46.17275
"2009-05-26",46.0679
"2009-05-27",49.27925
"2009-05-28",50.12345
"2009-05-29",52.0602
"2009-06-01",55.08395
"2009-06-02",56.1544
"2009-06-03",54.7363
"2009-06-04",52.78305
"2009-06-05",55.08945
"2009-06-08",53.34035
"2009-06-09",52.9155
"2009-06-10",55.6081
"2009-06-11",55.80675
"2009-06-12",55.9061
"2009-06-15",53.74315
"2009-06-16",52.8934
"2009-06-17",50.3111
"2009-06-18",49.7814
"2009-06-19",51.98295
"2009-06-22",51.4036
"2009-06-23",49.4227
"2009-06-24",51.3263
"2009-06-25",51.3429
"2009-06-26",51.9388
"2009-06-29",52.3085
"2009-06-30",52.36365
"2009-07-01",52.6892
"2009-07-02",51.29325
"2009-07-03",50.00755
"2009-07-06",48.18125
"2009-07-07",48.7992
"2009-07-08",47.47495
"2009-07-09",47.75635
"2009-07-10",46.76865
"2009-07-13",46.70245
"2009-07-14",49.02545
"2009-07-15",51.2601
"2009-07-16",53.10305
"2009-07-17",53.96935
"2009-07-20",55.6854
"2009-07-21",56.43025
"2009-07-22",54.6977
"2009-07-23",56.38615
"2009-07-24",57.6828
"2009-07-27",58.59875
"2009-07-28",57.44
"2009-07-29",52.78855
"2009-07-30",55.5088
"2009-07-31",56.0937
"2009-08-03",57.3573
"2009-08-04",58.09665
"2009-08-05",58.26215
"2009-08-06",58.1794
"2009-08-07",57.57245
"2009-08-10",57.2966
"2009-08-11",55.7516
"2009-08-12",54.3832
"2009-08-13",55.6964
"2009-08-14",55.58605
"2009-08-17",53.1307
"2009-08-18",53.71555
"2009-08-19",53.6769
"2009-08-20",55.1226
"2009-08-21",55.58055
"2009-08-24",57.62765
"2009-08-25",57.1145
"2009-08-26",56.63445
"2009-08-27",55.9061
"2009-08-28",56.7117
"2009-08-31",55.59155
"2009-09-01",54.9405
"2009-09-02",53.2631
"2009-09-03",54.06315
"2009-09-04",54.57635
"2009-09-07",55.9116
"2009-09-08",56.85515
"2009-09-09",57.3352
"2009-09-10",57.41245
"2009-09-11",59.5478
"2009-09-14",59.70235
"2009-09-15",62.01975
"2009-09-16",63.0792
"2009-09-17",62.04185
"2009-09-18",60.97695
"2009-09-21",58.8912
"2009-09-22",59.3492
"2009-09-23",59.43745
"2009-09-24",58.7036
"2009-09-25",56.89925
"2009-09-28",56.4027
"2009-09-29",57.4345
"2009-09-30",56.9986
"2009-10-01",55.3488
"2009-10-02",52.2202
"2009-10-05",53.10305
"2009-10-06",54.25075
"2009-10-07",54.7694
"2009-10-08",56.70615
"2009-10-09",56.7393
"2009-10-12",57.0538
"2009-10-13",57.28
"2009-10-14",59.15605
"2009-10-15",59.46505
"2009-10-16",59.09535
"2009-10-19",58.59325
"2009-10-20",58.5712
"2009-10-21",57.16415
"2009-10-22",56.4413
"2009-10-23",56.9876
"2009-10-26",56.5296
"2009-10-27",55.0067
"2009-10-28",51.94985
"2009-10-29",52.2533
"2009-10-30",52.20365
"2009-11-02",51.01735
"2009-11-03",50.02965
"2009-11-04",51.7788
"2009-11-05",51.53605
"2009-11-06",52.10985
"2009-11-09",53.6107
"2009-11-10",53.7983
"2009-11-11",55.05635
"2009-11-12",55.15015
"2009-11-13",54.58735
"2009-11-16",56.7117
"2009-11-17",56.81655
"2009-11-18",57.44555
"2009-11-19",56.4137
"2009-11-20",56.19855
"2009-11-23",57.4787
"2009-11-24",57.5945
"2009-11-25",58.28425
"2009-11-26",56.20405
"2009-11-27",55.2605
"2009-11-30",57.52835
"2009-12-01",58.4829
"2009-12-02",59.4264
"2009-12-03",59.8899
"2009-12-04",59.94515
"2009-12-07",59.3216
"2009-12-08",59.4982
"2009-12-09",59.4816
"2009-12-10",61.42935
"2009-12-11",62.84195
"2009-12-14",63.5758
"2009-12-15",64.4807
"2009-12-16",65.76635
"2009-12-17",66.29055
"2009-12-18",66.56645
"2009-12-21",67.28375
"2009-12-22",68.9667
"2009-12-23",68.86735
"2009-12-24",69.31425
"2009-12-25",69.31425
"2009-12-28",70.324
"2009-12-29",71.3669
"2009-12-30",71.14065
"2009-12-31",71.3338
"2010-01-01",71.3338
"2010-01-04",72.53665
"2010-01-05",73.7561
"2010-01-06",71.9021
"2010-01-07",72.9174
"2010-01-08",73.5078
"2010-01-11",74.501
"2010-01-12",71.68695
"2010-01-13",71.56005
"2010-01-14",72.6084
"2010-01-15",71.96835
"2010-01-18",70.93095
"2010-01-19",71.2455
"2010-01-20",70.4454
"2010-01-21",68.43145
"2010-01-22",65.92635
"2010-01-25",66.87545
"2010-01-26",65.51255
"2010-01-27",64.1386
"2010-01-28",63.1013
"2010-01-29",62.2405
"2010-02-01",63.12885
"2010-02-02",65.3746
"2010-02-03",65.02145
"2010-02-04",63.4158
"2010-02-05",60.23205
"2010-02-08",60.78935
"2010-02-09",62.47225
"2010-02-10",59.5754
"2010-02-11",59.60855
"2010-02-12",59.55885
"2010-02-15",60.541
"2010-02-16",61.8929
"2010-02-17",62.93025
"2010-02-18",62.6709
"2010-02-19",63.02405
"2010-02-22",64.1386
"2010-02-23",63.44335
"2010-02-24",62.09705
"2010-02-25",61.39075
"2010-02-26",61.3411
"2010-03-01",62.47775
"2010-03-02",63.24475
"2010-03-03",65.2311
"2010-03-04",65.83255
"2010-03-05",67.4272
"2010-03-08",68.37075
"2010-03-09",68.3266
"2010-03-10",68.746
"2010-03-11",67.9845
"2010-03-12",68.37075
"2010-03-15",67.64795
"2010-03-16",68.4204
"2010-03-17",70.2744
"2010-03-18",70.4289
"2010-03-19",69.6233
"2010-03-22",67.59275
"2010-03-23",69.4026
"2010-03-24",70.2302
"2010-03-25",71.78625
"2010-03-26",72.71325
"2010-03-29",73.52435
"2010-03-30",73.02775
"2010-03-31",71.8249
"2010-04-01",73.414
"2010-04-02",73.414
"2010-04-05",73.414
"2010-04-06",76.1839
"2010-04-07",77.4475
"2010-04-08",74.9148
"2010-04-09",75.60455
"2010-04-12",75.07485
"2010-04-13",74.2527
"2010-04-14",75.3728
"2010-04-15",75.0914
"2010-04-16",73.33125
"2010-04-19",71.3228
"2010-04-20",72.08975
"2010-04-21",71.9463
"2010-04-22",70.3351
"2010-04-23",69.52945
"2010-04-26",71.2014
"2010-04-27",70.2082
"2010-04-28",68.0231
"2010-04-29",67.21755
"2010-04-30",66.3071
"2010-05-03",65.20355
"2010-05-04",63.80205
"2010-05-05",61.9867
"2010-05-06",62.66535
"2010-05-07",59.81265
"2010-05-10",63.471
"2010-05-11",62.0584
"2010-05-12",62.60465
"2010-05-13",62.16325
"2010-05-14",59.71885
"2010-05-17",57.1697
"2010-05-18",57.8373
"2010-05-19",55.6578
"2010-05-20",53.21895
"2010-05-21",52.88235
"2010-05-24",52.99275
"2010-05-25",50.33315
"2010-05-26",53.43415
"2010-05-27",54.9074
"2010-05-28",55.42605
"2010-05-31",54.9405
"2010-06-01",53.5224
"2010-06-02",52.7003
"2010-06-03",53.87
"2010-06-04",52.40785
"2010-06-07",50.1345
"2010-06-08",49.511
"2010-06-09",50.28345
"2010-06-10",51.5084
"2010-06-11",51.9002
"2010-06-14",54.11835
"2010-06-15",54.87975
"2010-06-16",55.2164
"2010-06-17",54.7639
"2010-06-18",54.5487
"2010-06-21",56.98205
"2010-06-22",56.39165
"2010-06-23",55.55295
"2010-06-24",54.85775
"2010-06-25",52.9486
"2010-06-28",52.9541
"2010-06-29",51.30975
"2010-06-30",50.01865
"2010-07-01",48.5178
"2010-07-02",48.5233
"2010-07-05",47.78395
"2010-07-06",49.0475
"2010-07-07",49.22405
"2010-07-08",50.59245
"2010-07-09",51.845
"2010-07-12",51.98295
"2010-07-13",52.59545
"2010-07-14",52.5016
"2010-07-15",51.35395
"2010-07-16",50.54835
"2010-07-19",50.46005
"2010-07-20",50.6697
"2010-07-21",52.8272
"2010-07-22",53.58865
"2010-07-23",55.48675
"2010-07-26",55.61915
"2010-07-27",55.03985
"2010-07-28",53.7431
"2010-07-29",52.72785
"2010-07-30",51.61325
"2010-08-02",53.5776
"2010-08-03",54.67565
"2010-08-04",55.3267
"2010-08-05",55.96675
"2010-08-06",55.9116
"2010-08-09",56.23165
"2010-08-10",55.39295
"2010-08-11",53.74865
"2010-08-12",52.2147
"2010-08-13",52.47405
"2010-08-16",52.3637
"2010-08-17",53.34035
"2010-08-18",53.29065
"2010-08-19",53.7597
"2010-08-20",51.9388
"2010-08-23",51.9278
"2010-08-24",50.21175
"2010-08-25",49.2241
"2010-08-26",49.53855
"2010-08-27",49.7814
"2010-08-30",50.6642
"2010-08-31",50.2173
"2010-09-01",52.0712
"2010-09-02",53.1417
"2010-09-03",54.2232
"2010-09-06",54.637
"2010-09-07",54.19555
"2010-09-08",55.0343
"2010-09-09",55.80125
"2010-09-10",55.88955
"2010-09-13",56.63995
"2010-09-14",55.862
"2010-09-15",55.20535
"2010-09-16",54.8522
"2010-09-17",55.884
"2010-09-20",55.46465
"2010-09-21",56.13785
"2010-09-22",55.5916
"2010-09-23",54.09625
"2010-09-24",53.9859
"2010-09-27",54.59835
"2010-09-28",54.0852
"2010-09-29",54.2066
"2010-09-30",53.89765
"2010-10-01",53.859
"2010-10-04",52.8217
"2010-10-05",52.07675
"2010-10-06",53.31275
"2010-10-07",53.7652
"2010-10-08",54.5377
"2010-10-11",55.2274
"2010-10-12",53.87005
"2010-10-13",55.2881
"2010-10-14",55.7737
"2010-10-15",55.0453
"2010-10-18",54.7308
"2010-10-19",54.8743
"2010-10-20",54.68115
"2010-10-21",55.4978
"2010-10-22",55.31015
"2010-10-25",55.30465
"2010-10-26",52.6175
"2010-10-27",52.3637
"2010-10-28",51.60775
"2010-10-29",51.23255
"2010-11-01",51.8064
"2010-11-02",52.66715
"2010-11-03",54.019
"2010-11-04",54.8577
"2010-11-05",56.1544
"2010-11-08",56.81655
"2010-11-09",57.5283
"2010-11-10",57.0703
"2010-11-11",57.16415
"2010-11-12",55.713
"2010-11-15",55.8344
"2010-11-16",54.4108
"2010-11-17",54.11835
"2010-11-18",55.32675
"2010-11-19",54.8908
"2010-11-22",54.41625
"2010-11-23",52.6396
"2010-11-24",52.10985
"2010-11-25",53.1693
"2010-11-26",53.13615
"2010-11-29",53.24655
"2010-11-30",53.40105
"2010-12-01",54.9736
"2010-12-02",56.11025
"2010-12-03",57.26895
"2010-12-06",58.19595
"2010-12-07",59.84025
"2010-12-08",59.5644
"2010-12-09",59.6858
"2010-12-10",59.5975
"2010-12-13",61.22525
"2010-12-14",61.04315
"2010-12-15",61.41285
"2010-12-16",61.66665
"2010-12-17",63.6917
"2010-12-20",64.54145
"2010-12-21",64.75105
"2010-12-22",63.90135
"2010-12-23",63.02405
"2010-12-24",62.7647
"2010-12-27",62.00875
"2010-12-28",62.56605
"2010-12-29",62.9799
"2010-12-30",63.15645
"2010-12-31",62.9854
